{
    "$schema": "https://schema.management.azure.com/schemas/2015-01-01/deploymentParameters.json#",
    "contentVersion": "1.0.0.0",
    "parameters": {
        "extensions_CustomScriptExtension_commandToExecute": {
            "value": null
        },
        "virtualMachines_vm_sql_name": {
            "value": null
        },
        "virtualMachines_vm_web_name": {
            "value": null
        },
        "networkInterfaces_vm_sql136_name": {
            "value": null
        },
        "networkInterfaces_vm_web214_name": {
            "value": null
        },
        "publicIPAddresses_vm_web_ip_name": {
            "value": null
        },
        "networkSecurityGroups_nsg_db_name": {
            "value": null
        },
        "networkSecurityGroups_nsg_web_name": {
            "value": null
        },
        "virtualNetworks_vnet_crs_demo_name": {
            "value": null
        },
        "storageAccounts_rgiaasdemodiag_name": {
            "value": null
        },
        "sqlVirtualMachines_vm_sql_name": {
            "value": null
        }
    }
}