{
    "$schema": "https://schema.management.azure.com/schemas/2015-01-01/deploymentTemplate.json#",
    "contentVersion": "1.0.0.0",
    "parameters": {
        "extensions_CustomScriptExtension_commandToExecute": {
            "type": "SecureString"
        },
        "virtualMachines_vm_sql_name": {
            "defaultValue": "vm-sql",
            "type": "String"
        },
        "virtualMachines_vm_web_name": {
            "defaultValue": "vm-web",
            "type": "String"
        },
        "networkInterfaces_vm_sql136_name": {
            "defaultValue": "vm-sql136",
            "type": "String"
        },
        "networkInterfaces_vm_web214_name": {
            "defaultValue": "vm-web214",
            "type": "String"
        },
        "publicIPAddresses_vm_web_ip_name": {
            "defaultValue": "vm-web-ip",
            "type": "String"
        },
        "networkSecurityGroups_nsg_db_name": {
            "defaultValue": "nsg-db",
            "type": "String"
        },
        "networkSecurityGroups_nsg_web_name": {
            "defaultValue": "nsg-web",
            "type": "String"
        },
        "virtualNetworks_vnet_crs_demo_name": {
            "defaultValue": "vnet-crs-demo",
            "type": "String"
        },
        "storageAccounts_rgiaasdemodiag_name": {
            "defaultValue": "rgiaasdemodiag",
            "type": "String"
        },
        "sqlVirtualMachines_vm_sql_name": {
            "defaultValue": "vm-sql",
            "type": "String"
        }
    },
    "variables": {},
    "resources": [
        {
            "type": "Microsoft.Network/networkSecurityGroups",
            "apiVersion": "2019-09-01",
            "name": "[parameters('networkSecurityGroups_nsg_db_name')]",
            "location": "eastus",
            "tags": {
                "context": "demo"
            },
            "properties": {
                "securityRules": []
            }
        },
        {
            "type": "Microsoft.Network/networkSecurityGroups",
            "apiVersion": "2019-09-01",
            "name": "[parameters('networkSecurityGroups_nsg_web_name')]",
            "location": "eastus",
            "tags": {
                "context": "demo"
            },
            "properties": {
                "securityRules": [
                    {
                        "name": "Web",
                        "properties": {
                            "protocol": "TCP",
                            "sourcePortRange": "*",
                            "sourceAddressPrefix": "*",
                            "destinationAddressPrefix": "*",
                            "access": "Allow",
                            "priority": 500,
                            "direction": "Inbound",
                            "sourcePortRanges": [],
                            "destinationPortRanges": [
                                "80",
                                "443"
                            ],
                            "sourceAddressPrefixes": [],
                            "destinationAddressPrefixes": []
                        }
                    },
                    {
                        "name": "RDP",
                        "properties": {
                            "protocol": "*",
                            "sourcePortRange": "*",
                            "destinationPortRange": "3389",
                            "sourceAddressPrefix": "200.30.140.99",
                            "destinationAddressPrefix": "*",
                            "access": "Allow",
                            "priority": 510,
                            "direction": "Inbound",
                            "sourcePortRanges": [],
                            "destinationPortRanges": [],
                            "sourceAddressPrefixes": [],
                            "destinationAddressPrefixes": []
                        }
                    }
                ]
            }
        },
        {
            "type": "Microsoft.Network/publicIPAddresses",
            "apiVersion": "2019-09-01",
            "name": "[parameters('publicIPAddresses_vm_web_ip_name')]",
            "location": "eastus",
            "tags": {
                "context": "demo"
            },
            "sku": {
                "name": "Basic"
            },
            "properties": {
                "ipAddress": "52.226.23.89",
                "publicIPAddressVersion": "IPv4",
                "publicIPAllocationMethod": "Dynamic",
                "idleTimeoutInMinutes": 4,
                "ipTags": []
            }
        },
        {
            "type": "Microsoft.Storage/storageAccounts",
            "apiVersion": "2019-04-01",
            "name": "[parameters('storageAccounts_rgiaasdemodiag_name')]",
            "location": "eastus",
            "tags": {
                "context": "demo"
            },
            "sku": {
                "name": "Standard_LRS",
                "tier": "Standard"
            },
            "kind": "Storage",
            "properties": {
                "networkAcls": {
                    "bypass": "AzureServices",
                    "virtualNetworkRules": [],
                    "ipRules": [],
                    "defaultAction": "Allow"
                },
                "supportsHttpsTrafficOnly": true,
                "encryption": {
                    "services": {
                        "file": {
                            "enabled": true
                        },
                        "blob": {
                            "enabled": true
                        }
                    },
                    "keySource": "Microsoft.Storage"
                }
            }
        },
        {
            "type": "Microsoft.Compute/virtualMachines/extensions",
            "apiVersion": "2019-03-01",
            "name": "[concat(parameters('virtualMachines_vm_web_name'), '/CustomScriptExtension')]",
            "location": "eastus",
            "dependsOn": [
                "[resourceId('Microsoft.Compute/virtualMachines', parameters('virtualMachines_vm_web_name'))]"
            ],
            "properties": {
                "autoUpgradeMinorVersion": true,
                "publisher": "Microsoft.Compute",
                "type": "CustomScriptExtension",
                "typeHandlerVersion": "1.9",
                "settings": {
                    "fileUris": [
                        "https://iaasv2tempstoreeastus2.blob.core.windows.net/vmextensionstemporary-1003200040773296-20191203143740488/install-iis.ps1?sv=2017-04-17&sr=c&sig=QW%2FfP3oUo2Vcirxg1Mw9aGKfklyBjovao7X7eST3fyw%3D&se=2019-12-04T14%3A37%3A40Z&sp=rw"
                    ],
                    "commandToExecute": "[parameters('extensions_CustomScriptExtension_commandToExecute')]"
                },
                "protectedSettings": {}
            }
        },
        {
            "type": "Microsoft.Network/networkInterfaces",
            "apiVersion": "2019-09-01",
            "name": "[parameters('networkInterfaces_vm_sql136_name')]",
            "location": "eastus",
            "dependsOn": [
                "[resourceId('Microsoft.Network/virtualNetworks/subnets', parameters('virtualNetworks_vnet_crs_demo_name'), 'subnet-db')]"
            ],
            "tags": {
                "context": "demo"
            },
            "properties": {
                "ipConfigurations": [
                    {
                        "name": "ipconfig1",
                        "properties": {
                            "privateIPAddress": "192.168.1.4",
                            "privateIPAllocationMethod": "Dynamic",
                            "subnet": {
                                "id": "[resourceId('Microsoft.Network/virtualNetworks/subnets', parameters('virtualNetworks_vnet_crs_demo_name'), 'subnet-db')]"
                            },
                            "primary": true,
                            "privateIPAddressVersion": "IPv4"
                        }
                    }
                ],
                "dnsSettings": {
                    "dnsServers": []
                },
                "enableAcceleratedNetworking": true,
                "enableIPForwarding": false
            }
        },
        {
            "type": "Microsoft.Network/networkSecurityGroups/securityRules",
            "apiVersion": "2019-09-01",
            "name": "[concat(parameters('networkSecurityGroups_nsg_web_name'), '/RDP')]",
            "dependsOn": [
                "[resourceId('Microsoft.Network/networkSecurityGroups', parameters('networkSecurityGroups_nsg_web_name'))]"
            ],
            "properties": {
                "protocol": "*",
                "sourcePortRange": "*",
                "destinationPortRange": "3389",
                "sourceAddressPrefix": "200.30.140.99",
                "destinationAddressPrefix": "*",
                "access": "Allow",
                "priority": 510,
                "direction": "Inbound",
                "sourcePortRanges": [],
                "destinationPortRanges": [],
                "sourceAddressPrefixes": [],
                "destinationAddressPrefixes": []
            }
        },
        {
            "type": "Microsoft.Network/networkSecurityGroups/securityRules",
            "apiVersion": "2019-09-01",
            "name": "[concat(parameters('networkSecurityGroups_nsg_web_name'), '/Web')]",
            "dependsOn": [
                "[resourceId('Microsoft.Network/networkSecurityGroups', parameters('networkSecurityGroups_nsg_web_name'))]"
            ],
            "properties": {
                "protocol": "TCP",
                "sourcePortRange": "*",
                "sourceAddressPrefix": "*",
                "destinationAddressPrefix": "*",
                "access": "Allow",
                "priority": 500,
                "direction": "Inbound",
                "sourcePortRanges": [],
                "destinationPortRanges": [
                    "80",
                    "443"
                ],
                "sourceAddressPrefixes": [],
                "destinationAddressPrefixes": []
            }
        },
        {
            "type": "Microsoft.Network/virtualNetworks",
            "apiVersion": "2019-09-01",
            "name": "[parameters('virtualNetworks_vnet_crs_demo_name')]",
            "location": "eastus",
            "dependsOn": [
                "[resourceId('Microsoft.Network/networkSecurityGroups', parameters('networkSecurityGroups_nsg_web_name'))]"
            ],
            "properties": {
                "addressSpace": {
                    "addressPrefixes": [
                        "192.168.0.0/16"
                    ]
                },
                "subnets": [
                    {
                        "name": "subnet-db",
                        "properties": {
                            "addressPrefix": "192.168.1.0/24",
                            "serviceEndpoints": [],
                            "delegations": [],
                            "privateEndpointNetworkPolicies": "Enabled",
                            "privateLinkServiceNetworkPolicies": "Enabled"
                        }
                    },
                    {
                        "name": "subnet-web",
                        "properties": {
                            "addressPrefix": "192.168.0.0/24",
                            "networkSecurityGroup": {
                                "id": "[resourceId('Microsoft.Network/networkSecurityGroups', parameters('networkSecurityGroups_nsg_web_name'))]"
                            },
                            "delegations": [],
                            "privateEndpointNetworkPolicies": "Enabled",
                            "privateLinkServiceNetworkPolicies": "Enabled"
                        }
                    }
                ],
                "virtualNetworkPeerings": [],
                "enableDdosProtection": false,
                "enableVmProtection": false
            }
        },
        {
            "type": "Microsoft.Network/virtualNetworks/subnets",
            "apiVersion": "2019-09-01",
            "name": "[concat(parameters('virtualNetworks_vnet_crs_demo_name'), '/subnet-db')]",
            "dependsOn": [
                "[resourceId('Microsoft.Network/virtualNetworks', parameters('virtualNetworks_vnet_crs_demo_name'))]"
            ],
            "properties": {
                "addressPrefix": "192.168.1.0/24",
                "serviceEndpoints": [],
                "delegations": [],
                "privateEndpointNetworkPolicies": "Enabled",
                "privateLinkServiceNetworkPolicies": "Enabled"
            }
        },
        {
            "type": "Microsoft.SqlVirtualMachine/sqlVirtualMachines",
            "apiVersion": "2017-03-01-preview",
            "name": "[parameters('sqlVirtualMachines_vm_sql_name')]",
            "location": "eastus",
            "dependsOn": [
                "[resourceId('Microsoft.Compute/virtualMachines', parameters('virtualMachines_vm_sql_name'))]"
            ],
            "properties": {
                "virtualMachineResourceId": "[resourceId('Microsoft.Compute/virtualMachines', parameters('virtualMachines_vm_sql_name'))]",
                "sqlImageOffer": "SQL2016-WS2016",
                "sqlServerLicenseType": "PAYG",
                "sqlManagement": "Full",
                "sqlImageSku": "Web"
            }
        },
        {
            "type": "Microsoft.Storage/storageAccounts/blobServices",
            "apiVersion": "2019-04-01",
            "name": "[concat(parameters('storageAccounts_rgiaasdemodiag_name'), '/default')]",
            "dependsOn": [
                "[resourceId('Microsoft.Storage/storageAccounts', parameters('storageAccounts_rgiaasdemodiag_name'))]"
            ],
            "sku": {
                "name": "Standard_LRS"
            },
            "properties": {
                "cors": {
                    "corsRules": []
                },
                "deleteRetentionPolicy": {
                    "enabled": false
                }
            }
        },
        {
            "type": "Microsoft.Compute/virtualMachines",
            "apiVersion": "2019-03-01",
            "name": "[parameters('virtualMachines_vm_sql_name')]",
            "location": "eastus",
            "dependsOn": [
                "[resourceId('Microsoft.Network/networkInterfaces', parameters('networkInterfaces_vm_sql136_name'))]",
                "[resourceId('Microsoft.Storage/StorageAccounts', parameters('storageAccounts_rgiaasdemodiag_name'))]"
            ],
            "tags": {
                "context": "demo"
            },
            "properties": {
                "hardwareProfile": {
                    "vmSize": "Standard_DS2_v2"
                },
                "storageProfile": {
                    "imageReference": {
                        "publisher": "MicrosoftSQLServer",
                        "offer": "SQL2016SP1-WS2016",
                        "sku": "Web",
                        "version": "latest"
                    },
                    "osDisk": {
                        "osType": "Windows",
                        "name": "[concat(parameters('virtualMachines_vm_sql_name'), '_OsDisk_1_d54e8830faac45bf90836418b484f40a')]",
                        "createOption": "FromImage",
                        "caching": "ReadWrite",
                        "managedDisk": {
                            "storageAccountType": "Premium_LRS",
                            "id": "[resourceId('Microsoft.Compute/disks', concat(parameters('virtualMachines_vm_sql_name'), '_OsDisk_1_d54e8830faac45bf90836418b484f40a'))]"
                        },
                        "diskSizeGB": 127
                    },
                    "dataDisks": [
                        {
                            "lun": 0,
                            "name": "[concat(parameters('virtualMachines_vm_sql_name'), '_DataDisk_0')]",
                            "createOption": "Attach",
                            "caching": "ReadOnly",
                            "writeAcceleratorEnabled": false,
                            "managedDisk": {
                                "storageAccountType": "Premium_LRS",
                                "id": "[resourceId('Microsoft.Compute/disks', concat(parameters('virtualMachines_vm_sql_name'), '_DataDisk_0'))]"
                            },
                            "diskSizeGB": 1024,
                            "toBeDetached": false
                        }
                    ]
                },
                "osProfile": {
                    "computerName": "[parameters('virtualMachines_vm_sql_name')]",
                    "adminUsername": "admin_vm",
                    "windowsConfiguration": {
                        "provisionVMAgent": true,
                        "enableAutomaticUpdates": true
                    },
                    "secrets": [],
                    "allowExtensionOperations": true
                },
                "networkProfile": {
                    "networkInterfaces": [
                        {
                            "id": "[resourceId('Microsoft.Network/networkInterfaces', parameters('networkInterfaces_vm_sql136_name'))]"
                        }
                    ]
                },
                "diagnosticsProfile": {
                    "bootDiagnostics": {
                        "enabled": true,
                        "storageUri": "[concat('https://', parameters('storageAccounts_rgiaasdemodiag_name'), '.blob.core.windows.net/')]"
                    }
                }
            }
        },
        {
            "type": "Microsoft.Compute/virtualMachines",
            "apiVersion": "2019-03-01",
            "name": "[parameters('virtualMachines_vm_web_name')]",
            "location": "eastus",
            "dependsOn": [
                "[resourceId('Microsoft.Network/networkInterfaces', parameters('networkInterfaces_vm_web214_name'))]",
                "[resourceId('Microsoft.Storage/StorageAccounts', parameters('storageAccounts_rgiaasdemodiag_name'))]"
            ],
            "tags": {
                "context": "demo"
            },
            "properties": {
                "hardwareProfile": {
                    "vmSize": "Standard_DS2_v2"
                },
                "storageProfile": {
                    "imageReference": {
                        "publisher": "MicrosoftWindowsServer",
                        "offer": "WindowsServer",
                        "sku": "2019-Datacenter",
                        "version": "latest"
                    },
                    "osDisk": {
                        "osType": "Windows",
                        "name": "[concat(parameters('virtualMachines_vm_web_name'), '_OsDisk_1_0e437e1858bc4792955f6ea19a04bee9')]",
                        "createOption": "FromImage",
                        "caching": "ReadWrite",
                        "managedDisk": {
                            "storageAccountType": "Premium_LRS",
                            "id": "[resourceId('Microsoft.Compute/disks', concat(parameters('virtualMachines_vm_web_name'), '_OsDisk_1_0e437e1858bc4792955f6ea19a04bee9'))]"
                        },
                        "diskSizeGB": 127
                    },
                    "dataDisks": []
                },
                "osProfile": {
                    "computerName": "[parameters('virtualMachines_vm_web_name')]",
                    "adminUsername": "admin_vm",
                    "windowsConfiguration": {
                        "provisionVMAgent": true,
                        "enableAutomaticUpdates": true
                    },
                    "secrets": [],
                    "allowExtensionOperations": true
                },
                "networkProfile": {
                    "networkInterfaces": [
                        {
                            "id": "[resourceId('Microsoft.Network/networkInterfaces', parameters('networkInterfaces_vm_web214_name'))]"
                        }
                    ]
                },
                "diagnosticsProfile": {
                    "bootDiagnostics": {
                        "enabled": true,
                        "storageUri": "[concat('https://', parameters('storageAccounts_rgiaasdemodiag_name'), '.blob.core.windows.net/')]"
                    }
                }
            }
        },
        {
            "type": "Microsoft.Network/networkInterfaces",
            "apiVersion": "2019-09-01",
            "name": "[parameters('networkInterfaces_vm_web214_name')]",
            "location": "eastus",
            "dependsOn": [
                "[resourceId('Microsoft.Network/publicIPAddresses', parameters('publicIPAddresses_vm_web_ip_name'))]",
                "[resourceId('Microsoft.Network/virtualNetworks/subnets', parameters('virtualNetworks_vnet_crs_demo_name'), 'subnet-web')]"
            ],
            "tags": {
                "context": "demo"
            },
            "properties": {
                "ipConfigurations": [
                    {
                        "name": "ipconfig1",
                        "properties": {
                            "privateIPAddress": "192.168.0.4",
                            "privateIPAllocationMethod": "Dynamic",
                            "publicIPAddress": {
                                "id": "[resourceId('Microsoft.Network/publicIPAddresses', parameters('publicIPAddresses_vm_web_ip_name'))]"
                            },
                            "subnet": {
                                "id": "[resourceId('Microsoft.Network/virtualNetworks/subnets', parameters('virtualNetworks_vnet_crs_demo_name'), 'subnet-web')]"
                            },
                            "primary": true,
                            "privateIPAddressVersion": "IPv4"
                        }
                    }
                ],
                "dnsSettings": {
                    "dnsServers": []
                },
                "enableAcceleratedNetworking": false,
                "enableIPForwarding": false
            }
        },
        {
            "type": "Microsoft.Network/virtualNetworks/subnets",
            "apiVersion": "2019-09-01",
            "name": "[concat(parameters('virtualNetworks_vnet_crs_demo_name'), '/subnet-web')]",
            "dependsOn": [
                "[resourceId('Microsoft.Network/virtualNetworks', parameters('virtualNetworks_vnet_crs_demo_name'))]",
                "[resourceId('Microsoft.Network/networkSecurityGroups', parameters('networkSecurityGroups_nsg_web_name'))]"
            ],
            "properties": {
                "addressPrefix": "192.168.0.0/24",
                "networkSecurityGroup": {
                    "id": "[resourceId('Microsoft.Network/networkSecurityGroups', parameters('networkSecurityGroups_nsg_web_name'))]"
                },
                "delegations": [],
                "privateEndpointNetworkPolicies": "Enabled",
                "privateLinkServiceNetworkPolicies": "Enabled"
            }
        },
        {
            "type": "Microsoft.Storage/storageAccounts/blobServices/containers",
            "apiVersion": "2019-04-01",
            "name": "[concat(parameters('storageAccounts_rgiaasdemodiag_name'), '/default/bootdiagnostics-vmsql-48f24d8b-77d1-45fd-bf51-c8d2da5efb24')]",
            "dependsOn": [
                "[resourceId('Microsoft.Storage/storageAccounts/blobServices', parameters('storageAccounts_rgiaasdemodiag_name'), 'default')]",
                "[resourceId('Microsoft.Storage/storageAccounts', parameters('storageAccounts_rgiaasdemodiag_name'))]"
            ],
            "properties": {
                "publicAccess": "None"
            }
        },
        {
            "type": "Microsoft.Storage/storageAccounts/blobServices/containers",
            "apiVersion": "2019-04-01",
            "name": "[concat(parameters('storageAccounts_rgiaasdemodiag_name'), '/default/bootdiagnostics-vmweb-70021bb4-cc2a-4581-84cb-517cf26b6fb3')]",
            "dependsOn": [
                "[resourceId('Microsoft.Storage/storageAccounts/blobServices', parameters('storageAccounts_rgiaasdemodiag_name'), 'default')]",
                "[resourceId('Microsoft.Storage/storageAccounts', parameters('storageAccounts_rgiaasdemodiag_name'))]"
            ],
            "properties": {
                "publicAccess": "None"
            }
        }
    ]
}